{
  "w1_packed": {
    "data": [
      20,
      81,
      97,
      85,
      85,
      65,
      81,
      85,
      40,
      18,
      34,
      170,
      106,
      69,
      162,
      170,
      20,
      81,
      81,
      85,
      85,
      69,
      81,
      86,
      20,
      81,
      81,
      85,
      85,
      69,
      81,
      21,
      0,
      0,
      0,
      0,
      0,
      0,
      0,
      0,
      20,
      97,
      81,
      85,
      85,
      138,
      81,
      86,
      0,
      0,
      130,
      160,
      136,
      128,
      160,
      33,
      0,
      0,
      2,
      160,
      8,
      136,
      32,
      0,
      20,
      97,
      81,
      85,
      85,
      10,
      81,
      86,
      0,
      0,
      0,
      0,
      0,
      0,
      0,
      0,
      0,
      0,
      2,
      160,
      8,
      136,
      32,
      0,
      20,
      81,
      144,
      21,
      98,
      68,
      81,
      88
    ],
    "len": 384
  },
  "w2_packed": {
    "data": [
      0,
      0,
      0,
      0,
      4,
      0,
      0,
      64,
      6,
      0,
      0,
      64,
      0,
      0,
      0,
      0,
      4,
      0,
      0,
      64,
      0,
      0,
      0,
      0,
      10,
      0,
      0,
      64,
      5,
      0,
      0,
      64,
      5,
      0,
      0,
      128,
      0,
      0,
      0,
      0,
      6,
      0,
      0,
      128,
      5,
      0,
      0,
      128,
      6,
      0,
      0,
      64,
      5,
      0,
      0,
      64,
      5,
      0,
      0,
      128,
      5,
      0,
      0,
      128,
      5,
      0,
      0,
      64,
      5,
      0,
      0,
      128,
      5,
      0,
      0,
      64,
      5,
      0,
      0,
      128,
      9,
      0,
      0,
      64,
      10,
      0,
      0,
      64,
      0,
      0,
      0,
      0,
      10,
      0,
      0,
      0,
      5,
      0,
      0,
      0,
      0,
      0,
      0,
      0,
      6,
      0,
      0,
      128,
      5,
      0,
      0,
      128,
      9,
      0,
      0,
      64,
      5,
      0,
      0,
      0,
      4,
      0,
      0,
      128,
      6,
      0,
      0,
      64
    ],
    "len": 512
  },
  "b1": [
    -0.050656565,
    0.15833528,
    0.34701422,
    -5.7823766e-32,
    0.3527984,
    -0.011710751,
    0.504495,
    0.26073682,
    -0.1110744,
    -0.016476786,
    -0.21103114,
    -0.16735667,
    0.41820684,
    0.22986187,
    -0.07220136,
    -0.0544189,
    0.3150989,
    -0.120631665,
    0.19970162,
    -0.12107387,
    0.17327484,
    0.36680204,
    -0.018127907,
    0.1834921,
    0.09172968,
    -0.016194342,
    -0.0947113,
    -0.014923834,
    0.4250949,
    -0.028841076,
    -0.17065603,
    0.1789223
  ],
  "alpha1": 0.037061803,
  "b2": [
    -0.04438293,
    0.03375188,
    0.00010506368,
    -0.000013343301,
    0.000006112786,
    -0.0000022690358,
    -0.0000015906212,
    0.0003340664,
    -0.000027781272,
    -0.0000199208,
    -0.00036304616,
    1.9384535e-7,
    -9.4466617e-7,
    2.4759444e-8,
    0.00000882037,
    0.69477165
  ],
  "alpha2": 0.012788006,
  "feature_mean": [
    0.0,
    0.0,
    0.0,
    0.0,
    0.0,
    0.0,
    0.0,
    0.0,
    0.0,
    0.0,
    0.0,
    0.0
  ],
  "feature_inv_std": [
    1.0,
    1.0,
    1.0,
    1.0,
    1.0,
    1.0,
    1.0,
    1.0,
    1.0,
    1.0,
    1.0,
    1.0
  ],
  "samples_trained": 8715
}