{
  "w1_packed": {
    "data": [
      152,
      128,
      106,
      1,
      101,
      9,
      165,
      86,
      36,
      66,
      101,
      42,
      102,
      5,
      98,
      106,
      22,
      64,
      85,
      98,
      81,
      70,
      106,
      102,
      8,
      128,
      10,
      8,
      0,
      0,
      4,
      128,
      40,
      8,
      16,
      0,
      64,
      1,
      0,
      145,
      8,
      0,
      0,
      0,
      32,
      2,
      0,
      0,
      4,
      64,
      133,
      0,
      4,
      2,
      80,
      80,
      4,
      64,
      152,
      0,
      137,
      1,
      129,
      105,
      0,
      129,
      6,
      2,
      130,
      33,
      64,
      20,
      17,
      64,
      128,
      1,
      129,
      8,
      0,
      137,
      2,
      0,
      0,
      0,
      0,
      0,
      0,
      0,
      20,
      64,
      154,
      17,
      98,
      68,
      144,
      144
    ],
    "len": 384
  },
  "w2_packed": {
    "data": [
      0,
      0,
      0,
      128,
      162,
      134,
      38,
      85,
      33,
      64,
      22,
      80,
      0,
      0,
      0,
      0,
      0,
      0,
      0,
      64,
      0,
      0,
      0,
      0,
      0,
      0,
      0,
      0,
      84,
      169,
      26,
      105,
      40,
      64,
      37,
      128,
      96,
      0,
      0,
      64,
      105,
      65,
      20,
      128,
      81,
      65,
      42,
      148,
      34,
      128,
      4,
      64,
      0,
      0,
      0,
      64,
      0,
      0,
      0,
      64,
      0,
      0,
      4,
      0,
      65,
      129,
      36,
      80,
      1,
      64,
      0,
      128,
      145,
      128,
      8,
      64,
      165,
      73,
      102,
      144,
      105,
      133,
      25,
      100,
      26,
      134,
      41,
      80,
      0,
      0,
      0,
      0,
      154,
      132,
      25,
      69,
      0,
      0,
      0,
      64,
      26,
      128,
      8,
      16,
      38,
      64,
      4,
      2,
      98,
      128,
      16,
      16,
      1,
      0,
      0,
      0,
      105,
      65,
      21,
      84,
      41,
      128,
      22,
      130,
      170,
      134,
      150,
      106
    ],
    "len": 512
  },
  "b1": [
    -0.050355874,
    0.10564902,
    0.193403,
    0.0,
    0.16992289,
    -0.011710751,
    0.0,
    0.17382212,
    -0.046900544,
    -0.013248022,
    -0.12467037,
    -0.05907298,
    0.24404019,
    0.08509809,
    -0.045404803,
    -0.031005297,
    0.15432994,
    -0.040685702,
    0.13911943,
    -0.083847634,
    -0.06467701,
    0.11662193,
    0.0,
    0.0006879841,
    0.01585949,
    -0.005642451,
    -0.052101765,
    -0.022730261,
    0.003326347,
    -0.046667002,
    -0.087502055,
    0.087276846
  ],
  "alpha1": 0.042384278,
  "b2": [
    -0.032187365,
    0.016170347,
    0.047615424,
    -0.02023656,
    -0.008670613,
    0.0069490396,
    0.0016258647,
    0.017847639,
    -0.020448681,
    -0.05531051,
    -0.07929398,
    0.007423592,
    -0.0016988518,
    0.017327975,
    -0.007126883,
    0.19891228
  ],
  "alpha2": 0.024405876,
  "feature_mean": [
    0.0,
    0.0,
    0.0,
    0.0,
    0.0,
    0.0,
    0.0,
    0.0,
    0.0,
    0.0,
    0.0,
    0.0
  ],
  "feature_inv_std": [
    1.0,
    1.0,
    1.0,
    1.0,
    1.0,
    1.0,
    1.0,
    1.0,
    1.0,
    1.0,
    1.0,
    1.0
  ],
  "samples_trained": 2050
}