{
  "w1_packed": {
    "data": [
      20,
      65,
      97,
      21,
      85,
      1,
      81,
      85,
      32,
      18,
      96,
      42,
      98,
      5,
      34,
      170,
      20,
      97,
      81,
      21,
      85,
      8,
      81,
      86,
      20,
      97,
      81,
      21,
      85,
      10,
      81,
      86,
      0,
      0,
      0,
      0,
      0,
      0,
      0,
      0,
      20,
      97,
      81,
      21,
      85,
      2,
      81,
      86,
      40,
      146,
      130,
      42,
      170,
      5,
      162,
      169,
      40,
      146,
      162,
      42,
      170,
      69,
      162,
      169,
      20,
      97,
      81,
      21,
      85,
      138,
      81,
      86,
      0,
      0,
      0,
      0,
      0,
      0,
      0,
      0,
      40,
      146,
      162,
      42,
      170,
      69,
      162,
      169,
      20,
      81,
      16,
      21,
      96,
      68,
      81,
      80
    ],
    "len": 384
  },
  "w2_packed": {
    "data": [
      0,
      0,
      0,
      0,
      4,
      0,
      0,
      64,
      6,
      0,
      0,
      64,
      0,
      0,
      0,
      0,
      5,
      0,
      0,
      64,
      0,
      0,
      0,
      0,
      10,
      0,
      0,
      64,
      5,
      0,
      0,
      64,
      5,
      0,
      0,
      128,
      0,
      0,
      0,
      0,
      6,
      0,
      0,
      128,
      5,
      0,
      0,
      128,
      6,
      0,
      0,
      64,
      5,
      0,
      0,
      64,
      5,
      0,
      0,
      128,
      0,
      0,
      0,
      0,
      5,
      0,
      0,
      64,
      5,
      0,
      0,
      128,
      5,
      0,
      0,
      64,
      5,
      0,
      0,
      128,
      9,
      0,
      0,
      64,
      10,
      0,
      0,
      64,
      0,
      0,
      0,
      0,
      10,
      0,
      0,
      0,
      5,
      0,
      0,
      0,
      0,
      0,
      0,
      0,
      6,
      0,
      0,
      128,
      5,
      0,
      0,
      128,
      10,
      0,
      0,
      64,
      5,
      0,
      0,
      64,
      5,
      0,
      0,
      128,
      6,
      128,
      0,
      64
    ],
    "len": 512
  },
  "b1": [
    -0.050658736,
    0.18506424,
    0.3667407,
    0.0,
    0.37425125,
    -0.011710105,
    0.46007416,
    0.28205562,
    -0.026269231,
    -0.016409215,
    -0.15182203,
    -0.07944313,
    0.43751654,
    0.25461647,
    -0.017046409,
    -0.036394723,
    0.3349551,
    -0.0389235,
    0.22778109,
    -0.097861886,
    0.12504525,
    0.32722372,
    -0.018129176,
    0.120325975,
    0.11876528,
    -0.014363775,
    -0.03989848,
    0.014187449,
    0.38329944,
    -0.004331252,
    -0.09884949,
    0.20742969
  ],
  "alpha1": 0.078814976,
  "b2": [
    -0.08834685,
    0.05875573,
    0.0065760333,
    -0.0004442475,
    0.0011720412,
    0.00026150988,
    -0.00132027,
    0.007794711,
    -0.0021335015,
    -0.0033235275,
    -0.012861923,
    0.00015385283,
    0.0005052342,
    -0.0003467196,
    0.0003791568,
    0.5123281
  ],
  "alpha2": 0.017999338,
  "feature_mean": [
    0.0,
    0.0,
    0.0,
    0.0,
    0.0,
    0.0,
    0.0,
    0.0,
    0.0,
    0.0,
    0.0,
    0.0
  ],
  "feature_inv_std": [
    1.0,
    1.0,
    1.0,
    1.0,
    1.0,
    1.0,
    1.0,
    1.0,
    1.0,
    1.0,
    1.0,
    1.0
  ],
  "samples_trained": 6453
}