{
  "w1_packed": {
    "data": [
      24,
      17,
      104,
      5,
      101,
      137,
      97,
      84,
      36,
      66,
      97,
      26,
      102,
      133,
      98,
      104,
      20,
      81,
      85,
      4,
      85,
      6,
      96,
      100,
      0,
      96,
      64,
      0,
      64,
      136,
      65,
      0,
      0,
      0,
      0,
      0,
      0,
      0,
      0,
      0,
      0,
      97,
      64,
      5,
      85,
      136,
      65,
      4,
      16,
      65,
      0,
      0,
      81,
      128,
      16,
      0,
      16,
      17,
      0,
      5,
      144,
      65,
      0,
      64,
      0,
      96,
      64,
      0,
      0,
      137,
      1,
      0,
      16,
      16,
      0,
      0,
      0,
      0,
      0,
      0,
      16,
      81,
      128,
      1,
      145,
      68,
      0,
      64,
      20,
      81,
      144,
      21,
      102,
      70,
      81,
      16
    ],
    "len": 384
  },
  "w2_packed": {
    "data": [
      0,
      0,
      0,
      0,
      38,
      130,
      36,
      80,
      37,
      64,
      20,
      64,
      0,
      0,
      0,
      0,
      37,
      0,
      16,
      64,
      0,
      0,
      0,
      0,
      9,
      0,
      16,
      64,
      85,
      129,
      24,
      64,
      5,
      0,
      0,
      128,
      0,
      0,
      0,
      0,
      33,
      0,
      16,
      128,
      21,
      0,
      40,
      128,
      36,
      0,
      20,
      64,
      5,
      0,
      16,
      64,
      4,
      0,
      0,
      128,
      0,
      0,
      0,
      0,
      5,
      0,
      20,
      64,
      5,
      0,
      0,
      128,
      5,
      0,
      16,
      64,
      37,
      65,
      38,
      128,
      105,
      128,
      25,
      96,
      26,
      128,
      32,
      64,
      0,
      0,
      0,
      0,
      26,
      128,
      25,
      64,
      4,
      0,
      0,
      64,
      0,
      0,
      0,
      0,
      38,
      0,
      0,
      0,
      5,
      0,
      0,
      128,
      0,
      0,
      0,
      0,
      5,
      64,
      17,
      64,
      37,
      0,
      16,
      128,
      38,
      130,
      20,
      96
    ],
    "len": 512
  },
  "b1": [
    -0.05065898,
    0.16003862,
    0.33408284,
    0.0,
    0.3301391,
    -0.011710105,
    0.38070986,
    0.25874767,
    -0.05140472,
    -0.016409215,
    -0.12662958,
    -0.072252445,
    0.39545187,
    0.21372637,
    -0.0486055,
    -0.036394723,
    0.30301565,
    -0.052501462,
    0.21720725,
    -0.09225834,
    -0.06633352,
    0.13175353,
    -0.018129176,
    0.002861676,
    0.0844801,
    -0.014363775,
    -0.061423253,
    -0.013603999,
    0.003402806,
    -0.009083191,
    -0.09552578,
    0.16866533
  ],
  "alpha1": 0.016599229,
  "b2": [
    -0.01549227,
    0.0464189,
    0.020346612,
    -0.0043137767,
    0.0020411504,
    0.0007056526,
    2.890959e-7,
    0.011952218,
    -0.009447718,
    -0.01747679,
    -0.047791246,
    0.00048627134,
    0.00025050642,
    0.0012989234,
    0.0021295953,
    0.33576855
  ],
  "alpha2": 0.009188196,
  "feature_mean": [
    0.0,
    0.0,
    0.0,
    0.0,
    0.0,
    0.0,
    0.0,
    0.0,
    0.0,
    0.0,
    0.0,
    0.0
  ],
  "feature_inv_std": [
    1.0,
    1.0,
    1.0,
    1.0,
    1.0,
    1.0,
    1.0,
    1.0,
    1.0,
    1.0,
    1.0,
    1.0
  ],
  "samples_trained": 4375
}