{
  "w1_packed": {
    "data": [
      20,
      81,
      97,
      21,
      85,
      65,
      81,
      85,
      40,
      18,
      98,
      42,
      106,
      69,
      162,
      170,
      20,
      81,
      81,
      21,
      85,
      69,
      81,
      86,
      20,
      81,
      81,
      21,
      85,
      69,
      81,
      85,
      0,
      0,
      0,
      0,
      0,
      0,
      0,
      0,
      20,
      97,
      81,
      21,
      85,
      138,
      81,
      86,
      0,
      0,
      130,
      32,
      136,
      128,
      162,
      33,
      0,
      0,
      2,
      0,
      8,
      136,
      32,
      0,
      20,
      97,
      81,
      21,
      85,
      10,
      81,
      86,
      0,
      0,
      0,
      0,
      0,
      0,
      0,
      0,
      0,
      0,
      2,
      0,
      8,
      136,
      32,
      0,
      20,
      81,
      144,
      21,
      98,
      68,
      81,
      88
    ],
    "len": 384
  },
  "w2_packed": {
    "data": [
      0,
      0,
      0,
      0,
      4,
      0,
      0,
      64,
      6,
      0,
      0,
      64,
      0,
      0,
      0,
      0,
      4,
      0,
      0,
      64,
      0,
      0,
      0,
      0,
      10,
      0,
      0,
      64,
      5,
      0,
      0,
      64,
      5,
      0,
      0,
      128,
      0,
      0,
      0,
      0,
      6,
      0,
      0,
      128,
      5,
      0,
      0,
      128,
      6,
      0,
      0,
      64,
      5,
      0,
      0,
      64,
      5,
      0,
      0,
      128,
      0,
      0,
      0,
      0,
      5,
      0,
      0,
      64,
      5,
      0,
      0,
      128,
      5,
      0,
      0,
      64,
      5,
      0,
      0,
      128,
      9,
      0,
      0,
      64,
      10,
      0,
      0,
      64,
      0,
      0,
      0,
      0,
      10,
      0,
      0,
      128,
      5,
      0,
      0,
      0,
      0,
      0,
      0,
      0,
      6,
      0,
      0,
      128,
      5,
      0,
      0,
      128,
      9,
      0,
      0,
      64,
      5,
      0,
      0,
      0,
      4,
      0,
      0,
      128,
      6,
      0,
      0,
      64
    ],
    "len": 512
  },
  "b1": [
    -0.050658736,
    0.15913019,
    0.3468078,
    -6.133612e-32,
    0.35248688,
    -0.011710105,
    0.5065368,
    0.2610167,
    -0.108157955,
    -0.016409215,
    -0.20820794,
    -0.16498466,
    0.41803625,
    0.23034698,
    -0.04660841,
    -0.036394723,
    0.31563786,
    -0.11594791,
    0.20216171,
    -0.120840974,
    0.18739808,
    0.36966488,
    -0.018129176,
    0.17545801,
    0.091995664,
    -0.014363775,
    -0.09420354,
    -0.014026411,
    0.42673588,
    -0.027710795,
    -0.170058,
    0.1802464
  ],
  "alpha1": 0.036101848,
  "b2": [
    -0.041583177,
    0.033702284,
    0.00015619537,
    -0.0000027646868,
    0.000006868711,
    9.797981e-7,
    -0.000013832498,
    0.0003531412,
    -0.000034991004,
    -0.000027461483,
    -0.00035734812,
    -1.9612314e-8,
    1.235148e-7,
    -2.8144068e-8,
    0.0000017453111,
    0.69321233
  ],
  "alpha2": 0.012447585,
  "feature_mean": [
    0.0,
    0.0,
    0.0,
    0.0,
    0.0,
    0.0,
    0.0,
    0.0,
    0.0,
    0.0,
    0.0,
    0.0
  ],
  "feature_inv_std": [
    1.0,
    1.0,
    1.0,
    1.0,
    1.0,
    1.0,
    1.0,
    1.0,
    1.0,
    1.0,
    1.0,
    1.0
  ],
  "samples_trained": 8715
}