{
  "w1_packed": {
    "data": [
      154,
      162,
      106,
      1,
      101,
      9,
      100,
      84,
      36,
      72,
      104,
      42,
      66,
      5,
      106,
      104,
      18,
      66,
      85,
      98,
      81,
      70,
      42,
      100,
      154,
      145,
      42,
      41,
      4,
      134,
      6,
      168,
      40,
      26,
      16,
      4,
      72,
      33,
      132,
      0,
      24,
      0,
      1,
      32,
      96,
      2,
      17,
      0,
      132,
      64,
      129,
      0,
      68,
      128,
      16,
      64,
      18,
      64,
      144,
      34,
      128,
      17,
      129,
      41,
      73,
      129,
      18,
      26,
      130,
      97,
      68,
      84,
      25,
      1,
      129,
      1,
      129,
      137,
      0,
      137,
      6,
      129,
      1,
      8,
      0,
      0,
      32,
      84,
      20,
      65,
      154,
      145,
      106,
      100,
      154,
      146
    ],
    "len": 384
  },
  "w2_packed": {
    "data": [
      6,
      0,
      21,
      128,
      162,
      134,
      166,
      85,
      41,
      80,
      150,
      85,
      0,
      0,
      0,
      0,
      38,
      9,
      101,
      73,
      41,
      0,
      0,
      0,
      32,
      0,
      0,
      0,
      84,
      41,
      152,
      89,
      9,
      128,
      1,
      81,
      1,
      128,
      40,
      69,
      105,
      69,
      21,
      128,
      17,
      65,
      32,
      149,
      2,
      0,
      64,
      80,
      16,
      0,
      0,
      0,
      1,
      20,
      0,
      128,
      17,
      16,
      0,
      21,
      25,
      129,
      37,
      81,
      5,
      0,
      36,
      69,
      2,
      128,
      40,
      64,
      165,
      89,
      102,
      144,
      105,
      133,
      25,
      100,
      26,
      134,
      104,
      81,
      0,
      0,
      0,
      128,
      152,
      132,
      153,
      5,
      0,
      32,
      0,
      0,
      26,
      128,
      82,
      81,
      102,
      73,
      68,
      162,
      128,
      72,
      1,
      149,
      0,
      64,
      33,
      145,
      97,
      104,
      85,
      84,
      169,
      132,
      150,
      138,
      162,
      130,
      148,
      66
    ],
    "len": 512
  },
  "b1": [
    -0.059612192,
    0.063270986,
    0.085079655,
    0.0,
    0.18342486,
    -0.007852908,
    0.062200453,
    0.1090467,
    0.039190933,
    0.082895294,
    -0.05612894,
    0.07022356,
    0.1239018,
    -0.007772283,
    -0.07357091,
    0.057562098,
    0.09656295,
    0.11181593,
    0.014964762,
    -0.033594143,
    -0.02925966,
    0.07541059,
    -0.028986696,
    -0.019006481,
    -0.018084725,
    0.09869847,
    -0.04787397,
    0.036511894,
    0.07082143,
    -0.03728722,
    -0.09347153,
    -0.0047280607
  ],
  "alpha1": 0.076446,
  "b2": [
    -0.012789499,
    0.05978787,
    0.08134995,
    -0.062478665,
    -0.044253238,
    -0.01794162,
    -0.0012928001,
    0.026290696,
    -0.019663282,
    -0.06662169,
    -0.07667629,
    0.0072859596,
    0.00045275042,
    0.015021334,
    -0.024821214,
    0.14802708
  ],
  "alpha2": 0.04293098,
  "feature_mean": [
    0.0,
    0.0,
    0.0,
    0.0,
    0.0,
    0.0,
    0.0,
    0.0,
    0.0,
    0.0,
    0.0,
    0.0
  ],
  "feature_inv_std": [
    1.0,
    1.0,
    1.0,
    1.0,
    1.0,
    1.0,
    1.0,
    1.0,
    1.0,
    1.0,
    1.0,
    1.0
  ],
  "samples_trained": 1202
}