{
  "w1_packed": {
    "data": [
      20,
      81,
      97,
      85,
      69,
      1,
      81,
      85,
      40,
      146,
      162,
      170,
      42,
      69,
      162,
      168,
      0,
      81,
      65,
      84,
      85,
      69,
      65,
      4,
      40,
      146,
      64,
      10,
      130,
      69,
      0,
      137,
      0,
      0,
      0,
      0,
      0,
      0,
      0,
      0,
      20,
      97,
      81,
      85,
      85,
      138,
      81,
      86,
      20,
      97,
      1,
      85,
      85,
      138,
      81,
      84,
      40,
      146,
      2,
      170,
      170,
      69,
      162,
      137,
      0,
      16,
      64,
      0,
      0,
      69,
      0,
      129,
      0,
      0,
      0,
      0,
      0,
      0,
      0,
      1,
      40,
      146,
      2,
      170,
      170,
      69,
      162,
      137,
      20,
      81,
      145,
      85,
      101,
      70,
      81,
      82
    ],
    "len": 384
  },
  "w2_packed": {
    "data": [
      0,
      0,
      0,
      0,
      5,
      0,
      0,
      64,
      5,
      0,
      0,
      64,
      0,
      0,
      0,
      0,
      5,
      0,
      0,
      64,
      0,
      0,
      0,
      0,
      10,
      0,
      0,
      64,
      5,
      0,
      0,
      64,
      5,
      0,
      0,
      0,
      0,
      0,
      0,
      0,
      6,
      0,
      0,
      0,
      5,
      0,
      0,
      0,
      5,
      0,
      0,
      64,
      5,
      0,
      0,
      64,
      5,
      0,
      0,
      0,
      5,
      0,
      0,
      0,
      5,
      0,
      0,
      64,
      5,
      0,
      0,
      0,
      5,
      0,
      0,
      64,
      5,
      0,
      0,
      128,
      9,
      0,
      0,
      0,
      10,
      0,
      0,
      64,
      0,
      0,
      0,
      0,
      10,
      0,
      0,
      0,
      5,
      0,
      0,
      64,
      0,
      0,
      0,
      0,
      4,
      0,
      0,
      0,
      5,
      0,
      0,
      0,
      9,
      0,
      0,
      64,
      5,
      0,
      0,
      0,
      5,
      0,
      0,
      0,
      6,
      0,
      0,
      64
    ],
    "len": 512
  },
  "b1": [
    -0.050656565,
    0.18228453,
    0.3741817,
    -5.7823766e-32,
    0.37866727,
    -0.011710751,
    0.47740254,
    0.28509483,
    -0.07903943,
    -0.016476786,
    -0.23944633,
    -0.10415363,
    0.44512436,
    0.25482208,
    -0.049115513,
    -0.031255588,
    0.3411183,
    -0.090726346,
    0.21734501,
    -0.0983208,
    0.14416106,
    0.33833143,
    -0.018127907,
    0.15242107,
    0.1158371,
    -0.016194342,
    -0.072259545,
    0.008162185,
    0.40159032,
    -0.0053301305,
    -0.13665351,
    0.20334232
  ],
  "alpha1": 0.038601328,
  "b2": [
    -0.012475913,
    0.060361277,
    6.273623e-9,
    0.0000025058378,
    1.9671757e-11,
    0.000003936064,
    7.8000994e-8,
    6.735567e-8,
    0.000017441558,
    2.632721e-10,
    -4.2819035e-8,
    0.00014017384,
    -3.722721e-8,
    -9.425635e-7,
    -1.0590901e-9,
    0.8448871
  ],
  "alpha2": 0.01136807,
  "feature_mean": [
    0.0,
    0.0,
    0.0,
    0.0,
    0.0,
    0.0,
    0.0,
    0.0,
    0.0,
    0.0,
    0.0,
    0.0
  ],
  "feature_inv_std": [
    1.0,
    1.0,
    1.0,
    1.0,
    1.0,
    1.0,
    1.0,
    1.0,
    1.0,
    1.0,
    1.0,
    1.0
  ],
  "samples_trained": 10760
}