{
  "w1_packed": {
    "data": [
      20,
      65,
      97,
      85,
      85,
      1,
      81,
      85,
      40,
      18,
      96,
      42,
      98,
      5,
      34,
      170,
      20,
      97,
      81,
      85,
      85,
      8,
      81,
      86,
      20,
      97,
      81,
      85,
      85,
      10,
      81,
      86,
      0,
      0,
      0,
      0,
      0,
      0,
      0,
      0,
      20,
      97,
      81,
      85,
      85,
      2,
      81,
      86,
      8,
      146,
      130,
      170,
      170,
      5,
      162,
      169,
      40,
      146,
      162,
      170,
      170,
      69,
      162,
      41,
      20,
      97,
      81,
      85,
      85,
      138,
      81,
      86,
      0,
      0,
      0,
      0,
      0,
      0,
      0,
      0,
      40,
      146,
      162,
      170,
      170,
      69,
      162,
      169,
      20,
      81,
      16,
      85,
      96,
      68,
      81,
      80
    ],
    "len": 384
  },
  "w2_packed": {
    "data": [
      0,
      0,
      0,
      0,
      4,
      0,
      0,
      64,
      6,
      0,
      0,
      64,
      0,
      0,
      0,
      0,
      5,
      0,
      0,
      64,
      0,
      0,
      0,
      0,
      10,
      0,
      0,
      64,
      5,
      0,
      0,
      64,
      5,
      0,
      0,
      128,
      0,
      0,
      0,
      0,
      6,
      0,
      0,
      128,
      5,
      0,
      0,
      128,
      6,
      0,
      0,
      64,
      5,
      0,
      0,
      64,
      5,
      0,
      0,
      128,
      5,
      0,
      0,
      128,
      5,
      0,
      0,
      64,
      5,
      0,
      0,
      128,
      5,
      0,
      0,
      64,
      5,
      0,
      0,
      128,
      9,
      0,
      0,
      64,
      10,
      0,
      0,
      64,
      0,
      0,
      0,
      0,
      10,
      0,
      0,
      0,
      5,
      0,
      0,
      0,
      0,
      0,
      0,
      0,
      6,
      0,
      0,
      128,
      5,
      0,
      0,
      128,
      10,
      0,
      0,
      64,
      5,
      0,
      0,
      64,
      4,
      0,
      0,
      128,
      6,
      128,
      0,
      64
    ],
    "len": 512
  },
  "b1": [
    -0.050656565,
    0.182996,
    0.36628717,
    0.0,
    0.3731501,
    -0.011710751,
    0.45981413,
    0.2802132,
    -0.028687192,
    -0.016476786,
    -0.14834878,
    -0.082648724,
    0.43655595,
    0.25281882,
    -0.019171014,
    -0.002004753,
    0.33288404,
    -0.041479845,
    0.22388488,
    -0.100040495,
    0.10929169,
    0.32728875,
    -0.018127907,
    0.13457566,
    0.11713059,
    -0.016194342,
    -0.041258194,
    0.011818141,
    0.38357455,
    -0.0072345575,
    -0.10098823,
    0.20531762
  ],
  "alpha1": 0.08167769,
  "b2": [
    -0.095824875,
    0.05741436,
    0.00486626,
    -0.00073523406,
    0.0012116875,
    -0.00020586752,
    -0.00019290225,
    0.0077328305,
    -0.0020535325,
    -0.0021495095,
    -0.013511278,
    0.000023661274,
    -0.000022799832,
    -0.0000050435374,
    0.0007905898,
    0.5129182
  ],
  "alpha2": 0.018639825,
  "feature_mean": [
    0.0,
    0.0,
    0.0,
    0.0,
    0.0,
    0.0,
    0.0,
    0.0,
    0.0,
    0.0,
    0.0,
    0.0
  ],
  "feature_inv_std": [
    1.0,
    1.0,
    1.0,
    1.0,
    1.0,
    1.0,
    1.0,
    1.0,
    1.0,
    1.0,
    1.0,
    1.0
  ],
  "samples_trained": 6453
}