{
  "w1_packed": {
    "data": [
      24,
      17,
      104,
      69,
      101,
      137,
      97,
      84,
      36,
      66,
      97,
      74,
      102,
      133,
      98,
      104,
      20,
      81,
      85,
      68,
      85,
      6,
      96,
      100,
      0,
      96,
      64,
      0,
      64,
      136,
      65,
      0,
      0,
      0,
      0,
      0,
      0,
      0,
      0,
      0,
      0,
      97,
      64,
      5,
      85,
      136,
      65,
      4,
      16,
      65,
      0,
      0,
      81,
      128,
      16,
      0,
      16,
      17,
      0,
      5,
      144,
      65,
      0,
      64,
      0,
      96,
      64,
      0,
      0,
      137,
      0,
      0,
      16,
      16,
      0,
      0,
      0,
      0,
      0,
      0,
      16,
      81,
      128,
      1,
      145,
      68,
      0,
      64,
      20,
      81,
      144,
      21,
      102,
      70,
      81,
      16
    ],
    "len": 384
  },
  "w2_packed": {
    "data": [
      0,
      0,
      0,
      0,
      38,
      130,
      36,
      80,
      37,
      64,
      20,
      64,
      0,
      0,
      0,
      0,
      37,
      0,
      16,
      64,
      0,
      0,
      0,
      0,
      9,
      0,
      16,
      64,
      21,
      129,
      24,
      64,
      5,
      0,
      0,
      128,
      0,
      0,
      0,
      0,
      33,
      0,
      16,
      128,
      21,
      0,
      40,
      128,
      36,
      0,
      20,
      64,
      5,
      0,
      16,
      64,
      4,
      0,
      0,
      128,
      5,
      0,
      0,
      128,
      5,
      0,
      20,
      64,
      5,
      0,
      0,
      128,
      5,
      0,
      16,
      64,
      37,
      65,
      38,
      128,
      105,
      128,
      25,
      96,
      26,
      128,
      32,
      64,
      0,
      0,
      0,
      0,
      26,
      128,
      25,
      64,
      4,
      0,
      0,
      64,
      0,
      0,
      0,
      0,
      38,
      0,
      0,
      0,
      5,
      0,
      0,
      128,
      0,
      0,
      0,
      0,
      5,
      64,
      17,
      64,
      37,
      0,
      16,
      128,
      38,
      130,
      20,
      96
    ],
    "len": 512
  },
  "b1": [
    -0.050656807,
    0.15992789,
    0.3339628,
    0.0,
    0.33102593,
    -0.011710751,
    0.38091755,
    0.25861746,
    -0.05141472,
    -0.016476786,
    -0.12665658,
    -0.0722903,
    0.39547256,
    0.21364386,
    -0.048551235,
    -0.031069363,
    0.3030269,
    -0.05258879,
    0.2164016,
    -0.09232939,
    -0.06682115,
    0.13178927,
    -0.018127907,
    0.0029618677,
    0.08474687,
    -0.016194342,
    -0.06139324,
    -0.0137308445,
    0.0034421077,
    -0.009085896,
    -0.09567949,
    0.16834056
  ],
  "alpha1": 0.016798917,
  "b2": [
    -0.015241865,
    0.04633813,
    0.020317795,
    -0.0042971927,
    0.0020519828,
    0.00070583064,
    2.8872483e-7,
    0.011950278,
    -0.00945878,
    -0.017473025,
    -0.04778019,
    0.0004865894,
    0.00025055776,
    0.001298325,
    0.002110781,
    0.33581072
  ],
  "alpha2": 0.0092941895,
  "feature_mean": [
    0.0,
    0.0,
    0.0,
    0.0,
    0.0,
    0.0,
    0.0,
    0.0,
    0.0,
    0.0,
    0.0,
    0.0
  ],
  "feature_inv_std": [
    1.0,
    1.0,
    1.0,
    1.0,
    1.0,
    1.0,
    1.0,
    1.0,
    1.0,
    1.0,
    1.0,
    1.0
  ],
  "samples_trained": 4375
}