{
  "w1_packed": {
    "data": [
      20,
      81,
      97,
      21,
      69,
      1,
      81,
      85,
      40,
      146,
      162,
      42,
      42,
      69,
      162,
      168,
      4,
      81,
      65,
      20,
      85,
      69,
      81,
      4,
      40,
      146,
      64,
      10,
      130,
      69,
      0,
      137,
      0,
      0,
      0,
      0,
      0,
      0,
      0,
      0,
      20,
      97,
      81,
      21,
      85,
      138,
      81,
      86,
      20,
      97,
      17,
      21,
      85,
      138,
      81,
      84,
      40,
      146,
      2,
      42,
      170,
      69,
      162,
      137,
      0,
      16,
      64,
      0,
      0,
      69,
      0,
      129,
      0,
      0,
      0,
      0,
      0,
      0,
      0,
      1,
      40,
      146,
      2,
      42,
      170,
      69,
      162,
      137,
      20,
      81,
      145,
      21,
      101,
      70,
      81,
      82
    ],
    "len": 384
  },
  "w2_packed": {
    "data": [
      0,
      0,
      0,
      0,
      5,
      0,
      0,
      64,
      5,
      0,
      0,
      64,
      0,
      0,
      0,
      0,
      5,
      0,
      0,
      64,
      0,
      0,
      0,
      0,
      10,
      0,
      0,
      64,
      5,
      0,
      0,
      64,
      5,
      0,
      0,
      0,
      0,
      0,
      0,
      0,
      5,
      0,
      0,
      128,
      5,
      0,
      0,
      0,
      5,
      0,
      0,
      64,
      5,
      0,
      0,
      64,
      5,
      0,
      0,
      0,
      0,
      0,
      0,
      0,
      5,
      0,
      0,
      64,
      5,
      0,
      0,
      0,
      5,
      0,
      0,
      64,
      5,
      0,
      0,
      128,
      9,
      0,
      0,
      0,
      10,
      0,
      0,
      64,
      0,
      0,
      0,
      0,
      10,
      0,
      0,
      0,
      5,
      0,
      0,
      64,
      0,
      0,
      0,
      0,
      4,
      0,
      0,
      0,
      5,
      0,
      0,
      0,
      9,
      0,
      0,
      64,
      5,
      0,
      0,
      0,
      5,
      0,
      0,
      0,
      6,
      0,
      0,
      64
    ],
    "len": 512
  },
  "b1": [
    -0.050658736,
    0.18215233,
    0.37299392,
    -6.133612e-32,
    0.37746763,
    -0.011710105,
    0.48017672,
    0.28459096,
    -0.07835814,
    -0.016409215,
    -0.14496385,
    -0.10382238,
    0.44399676,
    0.25444064,
    -0.024410397,
    -0.036394723,
    0.34090397,
    -0.088428624,
    0.2190936,
    -0.098749615,
    0.15900649,
    0.34171757,
    -0.018129176,
    0.14456184,
    0.115255095,
    -0.014363775,
    -0.071916394,
    0.008283519,
    0.40294957,
    -0.004821636,
    -0.13878998,
    0.20344752
  ],
  "alpha1": 0.038013548,
  "b2": [
    -0.008744048,
    0.05948112,
    2.1007487e-8,
    0.000050867813,
    1.0516328e-9,
    -0.00014360127,
    -1.1228443e-9,
    8.5775845e-8,
    -3.6676897e-7,
    -5.1923305e-10,
    -4.801233e-8,
    0.00003081626,
    -3.9134154e-9,
    4.8875126e-8,
    1.6916819e-11,
    0.8430854
  ],
  "alpha2": 0.011155534,
  "feature_mean": [
    0.0,
    0.0,
    0.0,
    0.0,
    0.0,
    0.0,
    0.0,
    0.0,
    0.0,
    0.0,
    0.0,
    0.0
  ],
  "feature_inv_std": [
    1.0,
    1.0,
    1.0,
    1.0,
    1.0,
    1.0,
    1.0,
    1.0,
    1.0,
    1.0,
    1.0,
    1.0
  ],
  "samples_trained": 10760
}