{
  "w1_packed": {
    "data": [
      152,
      128,
      106,
      1,
      101,
      9,
      165,
      86,
      36,
      66,
      101,
      42,
      102,
      5,
      98,
      106,
      22,
      64,
      85,
      98,
      81,
      70,
      106,
      102,
      8,
      128,
      10,
      8,
      0,
      0,
      4,
      128,
      40,
      8,
      16,
      0,
      64,
      1,
      0,
      145,
      8,
      0,
      0,
      0,
      32,
      2,
      0,
      0,
      4,
      64,
      133,
      0,
      4,
      2,
      80,
      80,
      4,
      64,
      152,
      0,
      137,
      1,
      129,
      105,
      0,
      129,
      6,
      2,
      130,
      33,
      64,
      20,
      17,
      64,
      128,
      1,
      129,
      8,
      0,
      137,
      2,
      0,
      0,
      0,
      0,
      0,
      0,
      0,
      20,
      64,
      154,
      17,
      98,
      68,
      144,
      144
    ],
    "len": 384
  },
  "w2_packed": {
    "data": [
      0,
      0,
      0,
      128,
      162,
      134,
      38,
      85,
      33,
      64,
      22,
      80,
      0,
      0,
      0,
      0,
      0,
      0,
      0,
      64,
      0,
      0,
      0,
      0,
      0,
      0,
      0,
      0,
      84,
      169,
      26,
      105,
      40,
      64,
      37,
      128,
      96,
      0,
      0,
      64,
      105,
      65,
      20,
      128,
      81,
      65,
      42,
      148,
      34,
      128,
      4,
      64,
      0,
      0,
      0,
      64,
      0,
      0,
      0,
      64,
      0,
      0,
      4,
      0,
      65,
      129,
      36,
      80,
      1,
      64,
      0,
      128,
      145,
      128,
      8,
      64,
      165,
      73,
      102,
      144,
      105,
      133,
      25,
      100,
      26,
      134,
      41,
      80,
      0,
      0,
      0,
      0,
      154,
      132,
      25,
      69,
      0,
      0,
      0,
      64,
      26,
      128,
      8,
      16,
      38,
      64,
      4,
      2,
      98,
      128,
      16,
      16,
      1,
      0,
      0,
      0,
      105,
      65,
      21,
      84,
      41,
      128,
      22,
      130,
      170,
      134,
      150,
      106
    ],
    "len": 512
  },
  "b1": [
    -0.050358504,
    0.105652116,
    0.19339524,
    0.0,
    0.16992477,
    -0.011710105,
    0.0,
    0.17382467,
    -0.046946764,
    -0.013247678,
    -0.124667294,
    -0.05902955,
    0.24405183,
    0.08512499,
    -0.045396302,
    -0.0310072,
    0.15433761,
    -0.040384203,
    0.13912395,
    -0.08384531,
    -0.06468431,
    0.1166145,
    0.0,
    0.0006913983,
    0.01585609,
    -0.0056060906,
    -0.05210586,
    -0.022724384,
    0.003326347,
    -0.046661947,
    -0.08750007,
    0.08729013
  ],
  "alpha1": 0.042385146,
  "b2": [
    -0.03218469,
    0.016171198,
    0.047610812,
    -0.020241408,
    -0.0086682765,
    0.006946612,
    0.0016256464,
    0.017848099,
    -0.020448763,
    -0.055306148,
    -0.07928971,
    0.00742649,
    -0.0016956651,
    0.017325671,
    -0.00712839,
    0.19891587
  ],
  "alpha2": 0.024405705,
  "feature_mean": [
    0.0,
    0.0,
    0.0,
    0.0,
    0.0,
    0.0,
    0.0,
    0.0,
    0.0,
    0.0,
    0.0,
    0.0
  ],
  "feature_inv_std": [
    1.0,
    1.0,
    1.0,
    1.0,
    1.0,
    1.0,
    1.0,
    1.0,
    1.0,
    1.0,
    1.0,
    1.0
  ],
  "samples_trained": 2050
}